date,close,open,high,low
03/10/2022,38491,39543.1,39431.9,38236.4
03/09/2022,39648,41637,42029.1,39466.2
03/08/2022,41623.2,38558,41793.9,38663.3
03/07/2022,38487.5,37931.7,38935,37886.6
03/06/2022,37951.3,39468.9,38543.2,37597.7
03/03/2022,42449.2,43912.8,44077.2,41840.8
03/02/2022,43300.1,44252.7,44041.7,43258.7
03/01/2022,44336.6,43350,44730.7,43857.6
02/28/2022,43331.5,37818.6,43638.6,42890.9
02/27/2022,37827.8,38610.6,38336.3,37458.9
02/26/2022,38608.2,39420,39255,38230.9
02/25/2022,39443.6,38927.2,40094.5,39166.3
02/24/2022,38756.5,34912.1,38991,38167
02/23/2022,35078.8,37760.5,37417.3,34594.1
02/22/2022,37982.8,36576.5,38329.9,37598.7
02/21/2022,36714.9,38935.8,37421.1,36399.6
02/20/2022,39234,39533.9,39320.6,38226.8
02/19/2022,39622.6,40140,40120.3,39588.5
02/18/2022,40169.6,40693.8,40284,39940.6
02/17/2022,40652.1,43635,40928.6,40318
02/16/2022,43692.1,43900.1,44167.1,43376.3
02/15/2022,43852.7,43492.8,44552.9,43692.2
02/14/2022,43483.8,41967.6,43732.5,42460.1
02/13/2022,41909.3,42207.6,42170.6,41591.3
02/12/2022,42202.7,42291,42495.3,42080
02/11/2022,42275.7,43108,42480.7,42179.9
02/10/2022,43052.3,43802.1,43705.9,42643.7
02/09/2022,43607.8,43469.5,44398.2,43594.8
02/08/2022,43555.2,44370.6,44305.3,43202.1
02/07/2022,44287.8,42839.2,44304.4,43585.5
02/06/2022,42793.1,41551.6,42922.9,41695.4
02/05/2022,41521.7,41467.3,41641.2,41321.1
02/04/2022,41450.2,37301.6,41873.6,41201.1
02/03/2022,37334.7,36915.5,37420.8,37041.1
02/02/2022,36961.3,38469,37043.1,36773.4
02/01/2022,38467.8,38564.9,38853.8,38399.7
01/31/2022,38539.1,36915.8,38644.7,38189.4
01/30/2022,36958.5,38120.7,37923.8,36672.8
01/29/2022,38040.5,37834.2,38274.7,37796.4
01/28/2022,37844.5,37214,37977,37465.4
01/27/2022,37151.3,35947.3,37452.8,36662.4
01/26/2022,35905.8,37784.3,37067.9,35543.2
01/25/2022,36391.9,33701.2,36717.6,35729.3
01/24/2022,36013.2,35121.4,36691.3,35976.4
01/23/2022,35095.6,35227.4,36268.6,35095.6
01/22/2022,35245.4,36286.7,35516.8,34821.4
01/21/2022,36303.9,38809.5,36749.8,36082.4
01/20/2022,38853.1,41902.4,41104.6,38300.8
01/19/2022,41929.2,41715.7,42072.7,41658.9
01/18/2022,41705.1,42041.6,42492,41609.5
01/17/2022,42026.6,42623.5,42420.3,41931.5
01/16/2022,42721.7,43035.1,43179.6,42610.7
01/15/2022,43069.7,42937.5,43150,42873.1
01/14/2022,42878.6,42687.5,43179,42759.6
01/13/2022,42747.6,43632.1,42824.4,42380.9
01/12/2022,43618.7,42628.4,44039.1,43437.3
01/11/2022,42576.5,42325.5,42968.4,42476.7
01/10/2022,42191,42198.5,42377.3,41582
01/09/2022,42346.2,41809.4,42764.4,41260.9
01/08/2022,41976.8,41902.2,42168.4,41396.8
01/07/2022,41950.2,41656.7,42226.8,41551.3
01/06/2022,41628.5,43051,43127.7,41070
01/05/2022,42947.9,46398.9,43772.3,42615.8
01/04/2022,46439.5,46096.5,46536.5,45750.1
01/03/2022,46069.1,46825.2,46517.6,45967.2
01/02/2022,46819.5,46919.1,47292,46740.9
01/01/2022,47043.6,46709.5,47753.3,47043.6
12/31/2021,46762.2,47204.7,46925.4,46217.5
12/30/2021,47315.3,46503.3,47451.6,46835.4
12/29/2021,46773,48006.7,46922,46003
12/28/2021,47862.4,49821.4,48121.7,47484.8
12/27/2021,49151.8,51012.7,50703.8,48743.7
12/26/2021,51003.8,49701.7,51129.7,50459
12/25/2021,49819.5,50836.9,50663.2,49631.7
12/24/2021,50890.6,51038.4,51131.9,50633.8
12/23/2021,51052,48371.2,51521.4,50657.1
12/22/2021,48475.2,49227,48723.4,48089.3
12/21/2021,49302.3,48577,49540.3,48617.7
12/20/2021,48589.7,46990.8,48797.6,46654
12/19/2021,47133.6,47322.3,48068.4,46438.4
12/18/2021,48000.5,46418.4,48068.4,46438.4
12/17/2021,46421.2,47925.9,46493.4,45513.4
12/16/2021,47915.7,48756.4,47997.2,47500.5
12/15/2021,48788.9,48243.2,49256.4,48603.9
12/14/2021,48249.7,47007,48670,47868.7
12/13/2021,46988.2,49041.3,47210.1,46338.3
12/12/2021,49007.3,48864,50196.1,48483.9
12/11/2021,48922.7,48546.4,49652.7,48917.4
12/10/2021,48434.8,48205.8,48669.8,46834
12/09/2021,48234.5,49819.8,48751.2,47473.8
12/08/2021,49730.4,50230.2,50790.2,49501.1
12/07/2021,50189.3,50916.3,50799.1,50090.9
12/06/2021,50907.7,49004.9,51351.1,50378.7
12/05/2021,49059,48957.6,49457.2,48317.2
12/04/2021,48367.5,55320.6,53847.2,42587.8
12/03/2021,51422.3,56598.7,53847.2,51422.3
12/02/2021,56546.4,56509.6,56752.2,56116.3
12/01/2021,56496.9,57081.6,57377.5,55807.9
11/30/2021,57078.1,57209.6,57671.5,56715
11/29/2021,57219.4,57263.2,57961.1,56819.6
11/28/2021,57371.9,54045,58228.5,57157.7
11/27/2021,53998,54496.1,54804.3,53735.5
11/26/2021,54553.2,57900.3,54622.7,53654.3
11/25/2021,57815.7,57746.4,59151.1,57696.6
11/24/2021,57272.3,56402.5,58262.9,57127.1
11/23/2021,56578.8,56932.2,57697.4,56171.3
11/22/2021,56902.1,57399.8,57243.9,56024.2
11/21/2021,57290,58679,58719.7,57203.6
11/20/2021,58654.6,58543.1,59771.9,58598.5
11/19/2021,58425.7,55903.4,58982.4,57963
11/18/2021,56147.5,59862.2,57502.4,55626.3
11/17/2021,59941.3,59037.2,60936.9,59661.5
11/16/2021,58999.1,61258.5,60398.7,58584
11/15/2021,61418.5,65776.6,63605.6,60375.5
11/14/2021,65736.6,64743.7,66160.7,65514.9
11/13/2021,64749.6,63701,65289.1,64397.2
11/12/2021,63800.9,64921.3,64417,63584.4
11/11/2021,65005.4,64642,65449.7,64158.4
11/10/2021,64556.4,66644.3,65042.2,64121.9
11/09/2021,66627.7,68277.9,67357.6,66263.9
11/08/2021,68205.4,65181.3,68493.3,67169.7
11/07/2021,65164.5,62194.2,65575.3,63276.4
11/06/2021,62091.7,61132.9,62307.7,61347.2
11/05/2021,61078.6,62242.1,61289.5,60828.8
11/04/2021,62139.5,62439.2,62326.3,60856.7
11/03/2021,62464,63211.6,63077.6,62293.8
11/02/2021,63041.7,61091.8,63508.6,62810.7
11/01/2021,61098.7,59952.3,61523.4,60651.5
10/31/2021,60086.2,61699.2,61733.9,60019.3
10/30/2021,61648.6,61667.6,62393.7,61617.3
10/29/2021,61707.2,61661.1,62338.5,61646.6
10/28/2021,61558.1,58791.6,62009.1,60322.2
10/27/2021,58791.1,60536.2,58946.1,58128.1
10/26/2021,60708.6,62738.2,60830.4,60159.3
10/25/2021,62688.4,61955.9,63275.1,62647.9
10/24/2021,62094.3,61197.5,62214.4,60655.8
10/23/2021,61253.3,61133.6,61469.9,60829.3
10/22/2021,61162.7,62840.3,61243.3,60434.1
10/21/2021,63145,65070.5,63305.5,62152.8
10/20/2021,64998.5,63847.2,66004.7,64125.9
10/19/2021,63918.7,62603.8,64343.4,63750.8
10/18/2021,62643.6,62126.1,62954,61692.9
10/17/2021,62055.5,61133.8,62563.5,61415.4
10/16/2021,61159,61624,61333.9,60511.2
10/15/2021,61426.5,59435.5,61736.8,61123.2
10/14/2021,59323.5,58071.6,59417.7,56874.8
10/13/2021,58168.4,56279.9,58506.5,57149.8
10/12/2021,56297.4,56673.3,56537.3,55845.3
10/11/2021,56704.4,56505.4,57480.6,56438.3
10/10/2021,56534.9,55076.9,56681.6,54457.8
10/09/2021,54868.6,54583.6,55169.9,54100.8
10/08/2021,54637.5,53802.5,54681.9,53711.7
10/07/2021,53810.6,54818.2,54418.1,53716.1
10/06/2021,54966.6,51537.3,55325.2,54162.7
10/05/2021,51540.8,49302.5,51604.6,50993
10/04/2021,49210.2,47486.7,49760.2,49060.1
10/03/2021,47498.3,47882.1,48285,47398.7
10/02/2021,47662.7,47533.6,47800.5,47123
10/01/2021,47548,43621.5,48226.6,47509.1
09/30/2021,43467.3,43627.3,44011.5,43292.9
09/29/2021,43446.4,42162.2,43495.4,41416.7
09/28/2021,42092.6,42553.8,42108.5,40815
09/27/2021,43863.5,41960.3,44293.2,42949.7
09/26/2021,43889.5,42199.8,44293.2,42949.7
09/25/2021,42234.2,42634.9,42737.6,41943.9
09/24/2021,42654.1,44289,42944,42073.8
09/23/2021,44365.4,44070,44977.5,44336.6
09/22/2021,43959.2,42051.4,44162.9,43090.1
09/21/2021,42206.2,42684.5,42393.4,40585.7
09/20/2021,42686.2,45584.9,43035.6,40401.5
09/19/2021,45526.3,47840.2,47323.9,45310.7
09/18/2021,47940.9,47926.1,48341.9,47650.8
09/17/2021,47526.6,48032.7,47572,47070.5
09/16/2021,47876.3,47625.4,48095.8,47466.5
09/15/2021,47545.5,47091.9,48181.9,47358.8
09/14/2021,47097.4,45193.2,47396,46953.7
09/13/2021,45281.7,44845,45353.8,44718.7
09/12/2021,44973.6,45319.6,46269.8,44830
09/11/2021,45308.7,45190.1,45338.8,44755.2
09/10/2021,45023.2,46721.5,45476.1,44766.6
09/09/2021,46604.7,45973.9,47021.6,46287.7
09/08/2021,45904.5,46444.2,46341.9,45609
09/07/2021,46533.2,52649.9,47316.9,46329.3
09/06/2021,52639.6,51601.2,52885.3,52388.6
09/05/2021,50129.3,50099.3,50285.9,49492.4
09/04/2021,49716.3,50280.5,50285.9,49705.6
09/03/2021,50267.4,49485.2,50346.3,49603.1
09/02/2021,49446.8,49567,49497.3,48377.3
09/01/2021,49571.7,47050.5,49870.3,48612.9
08/31/2021,46918.2,47151.5,47289.5,46533.1
08/30/2021,47177,47964.3,47204.9,46709.3
08/29/2021,47944.6,48231.9,48886,47822.7
08/28/2021,48258.5,48862.5,49621.7,48101.9
08/27/2021,48880.7,46822.3,49289.4,48846.4
08/26/2021,46867.7,47263.6,49347.8,46584
08/25/2021,47967.1,47993.2,49347.8,47898.8
08/24/2021,48000.6,49341.6,48277.5,47669.8
08/23/2021,49352.5,50263.4,49685.2,48812.4
08/22/2021,50226.5,48807.3,50329.4,49099
08/21/2021,48736.4,48834.5,49164.1,48623.7
08/20/2021,48901.9,47056.5,49334,48744.8
08/19/2021,47048,44073.6,47377.9,46646.8
08/18/2021,44177.2,45048.2,45184.6,44086.7
08/17/2021,44959,46393.3,45133.9,44230
08/16/2021,46399.9,47375.4,46589.1,45323.2
08/15/2021,47497.9,46870.1,48002.4,46814.1
08/14/2021,47015.6,47546,47344.1,46928
08/13/2021,47500.4,44950.2,47826.5,47408.6
08/12/2021,44962.2,45916.8,45012.1,44242.4
08/11/2021,46123.5,45585.1,46213.8,45432.5
08/10/2021,45600.4,45714.8,45983,45367.9
08/09/2021,45689.8,43504.9,46663.4,45659.4
08/08/2021,43552.4,44327.7,43958.6,42824.1
08/07/2021,44307.8,43712.7,44749.5,43842.5
08/06/2021,43672.9,40223.3,43707.4,42611
08/05/2021,40166.6,39433.6,40979,39967.4
08/04/2021,39431.3,37972.1,39834.2,39202.6
08/03/2021,38054.8,38653.8,38555.5,37904.4
08/02/2021,38569.7,39789.5,39766.6,38543.5
08/01/2021,39782.5,42446.5,40078.5,39306.9
07/31/2021,42281.8,41818,42361.8,41123.8
07/30/2021,41914.8,39981.7,42285.3,41645.5
07/29/2021,39976.3,39657.8,40245.6,39769.8
07/28/2021,39740.4,39845,40205.2,39340.8
07/27/2021,39831.3,36552,40296.4,38946.6
07/26/2021,36914.2,38072.6,37514.9,36427.4
07/25/2021,38138,33824.8,39639.9,35236.7
07/24/2021,34234.5,33670.3,34302.5,33956.8
07/23/2021,33611.3,32591.5,33776.7,33412.9
07/22/2021,32537.4,31941.1,32746.2,32215
07/21/2021,31960.1,29841.3,32352.3,31803.1
07/20/2021,29849.9,29609.5,29901.8,29519.3
07/19/2021,29619.3,31553.7,31040.8,29574
07/18/2021,31577.7,32151.5,31838.7,31462.8
07/17/2021,32132.1,31310.2,32408.2,31490.2
07/16/2021,31326.6,31899.8,31616.8,31207.8
07/15/2021,31906.4,32760.4,32016.9,31581.1
07/14/2021,32711.8,32543.1,33157,32657.7
07/13/2021,31785,33075.9,32778.8,31695.8
07/12/2021,33139.4,34267.6,33220.4,32839.5
07/11/2021,34504.4,33535.6,34507.9,34077.1
07/10/2021,33461.4,33725,33794.9,33434.4
07/09/2021,33827.8,32747,34221,33678
07/08/2021,32956.6,33372.9,32993.5,32367
07/07/2021,33359.6,34444.3,33923.2,33095.9
07/06/2021,34428.1,33923.3,34495.7,33966.6
07/05/2021,33883.2,34371.6,34157.4,33669.5
07/04/2021,34334.7,34742.8,35300.5,34309.2
07/03/2021,34771.6,33299,34909.8,33363.3
07/02/2021,33396,32909.5,33895.1,33363.3
07/01/2021,32895.6,34155.1,33925.9,32778.7
06/30/2021,34202.6,35071.7,35030.7,34174.5
06/29/2021,35254.7,34584.1,36089.5,35148.9
06/28/2021,34555.3,34396.1,35125.8,34247.6
06/27/2021,34458.7,33152.6,34884,34319.5
06/26/2021,33189.6,32000,33192.3,32041.7
06/25/2021,32063.6,35103.5,32214.2,31360.1
06/24/2021,35098.7,32612.9,35490.9,34304.2
06/23/2021,32466.3,33989.2,33798.6,32376.2
06/22/2021,33811.7,33028.2,34236.2,31736.5
06/21/2021,33025.6,34691,33181.2,31216
06/20/2021,34681,35531.9,35708.4,34676.1
06/19/2021,35636.2,35084.1,35788.1,35176.2
06/18/2021,34963.5,37925.6,36283.5,34845.5
06/17/2021,37940.2,38862.5,38166,37231.8
06/16/2021,38834.5,40031.8,38963.7,38231.4
06/15/2021,40023.9,40403.5,40167.5,39645.3
06/14/2021,40479.3,38995.2,40838.1,39920
06/13/2021,38826.4,34881.8,39784.6,38769.9
06/12/2021,34950.8,35585.4,35903.9,34876.1
06/11/2021,35339.5,36758.6,37437.3,35335.8
06/10/2021,36665.9,36955.5,37177.3,36003.3
06/09/2021,37012.9,32881,37595.3,36759.8
06/08/2021,32952.3,32819.6,33502.8,32428.6
06/07/2021,32869,36384,34047.8,32447
06/06/2021,36404.7,36002.2,36754.6,35576.3
06/05/2021,35968.9,37400.3,36225.5,35421.5
06/04/2021,37419.3,37928.2,37811.3,36666.8
06/03/2021,37877.1,37636,39255.4,37442.6
06/02/2021,37581.7,36479.5,37812.7,37193.6
06/01/2021,36395.6,36699.5,36856.2,35981.1
05/31/2021,36617.3,34503.3,37850.3,36539.1
05/30/2021,34408.7,34780.3,35931.9,34330.2
05/29/2021,34670.7,36465.5,34773.6,33441
05/28/2021,36324.7,38279,36717.8,35651.4
05/27/2021,37973.8,37616.5,38844.1,37790.4
05/26/2021,37470,39562.9,39249,37190.8
05/25/2021,39444.5,38360.3,39497.3,37847
05/24/2021,38288.4,35268.6,39740.8,37875.1
05/23/2021,35298.3,37460.4,35863.1,34715.3
05/22/2021,37436.4,36979.4,38248.7,36822.9
05/21/2021,36906.3,40710.8,38056.8,36606.7
05/20/2021,40779.5,38170.6,42108.3,40521.5
05/19/2021,38220.1,40491.1,38573.3,35010.4
05/18/2021,40569,45042.4,43516.6,40164.2
05/17/2021,44847.2,44482,45231.4,43186.8
05/16/2021,43493.4,48167.2,46545.4,43072.5
05/15/2021,47875.9,50046.3,48323.8,46574.6
05/14/2021,49762.8,49176.2,50640.9,49303.7
05/13/2021,49391.5,50260.7,50387.3,49258
05/12/2021,49715.2,57762.7,50843,46331.1
05/11/2021,57752.6,55164.2,57753,56597.1
05/10/2021,55126.4,59400.6,56384.2,54550.4
05/09/2021,59352.4,58585.3,59426.6,58066
05/08/2021,58976.3,58110.5,59227,58391.4
05/07/2021,58058.1,55732,58412.9,56972.2
05/06/2021,55920,56835.9,57080.7,55533.7
05/05/2021,56860.9,55024.5,57560.8,56623.5
05/04/2021,55085.6,55745.7,55088.1,53872.5
05/03/2021,55470.2,57953.7,57201.3,54735.3
05/02/2021,57961.5,56532.2,58261.4,56562.4
05/01/2021,56591,58189.8,57868.4,56556.1
04/30/2021,58188.8,53706,58449.4,57528.9
04/29/2021,53667,54270.4,53802.7,53088.7
04/28/2021,54165.8,54818.7,55173.7,54164.4
04/27/2021,55019.8,53505.3,55718.8,54871.9
04/26/2021,53527.9,52388.1,54120.6,53431.1
04/25/2021,52265.6,49690.8,52420.9,48815.9
04/24/2021,49705.9,50128.7,50438.8,49658.6
04/23/2021,50207,50294.7,51183,49380.6
04/22/2021,50197.1,53456.3,52099.9,48788.3
04/21/2021,53351.4,55256.9,54606.2,52585.9
04/20/2021,55500.5,54709,56764.4,55447.9
04/19/2021,54759.9,57060.2,55776.8,54404.6
04/18/2021,57230.4,55371.5,57275.2,55767
04/17/2021,53728.9,62404.8,60362.1,51817.6
04/16/2021,62376.3,62936.8,62509.1,61155.6
04/15/2021,63063.3,63055.8,63518.5,62738.3
04/14/2021,63001.1,63715.3,63347.3,62361.7
04/13/2021,63809,60496.3,63818.7,63080.7
04/12/2021,60535.5,60350.4,61068.3,59839.4
04/11/2021,60211.2,60267.1,60311.3,59598.2
04/10/2021,60319.8,59206.4,60667.1,59640.8
04/09/2021,59119.4,58010.7,59149.9,57900
04/08/2021,58081.2,56565.9,58391.3,57832.9
04/07/2021,56580.9,57900.4,56674.6,55721.6
04/06/2021,57907.1,58611.7,58192.7,57286.9
04/05/2021,58800.4,57452.1,59487,58662
04/04/2021,57555.1,57541.4,58355,57497.6
04/03/2021,57325.1,59216.6,57448.9,56470.6
04/02/2021,59205.3,59676.4,59414,58948.5
04/01/2021,59733.7,59083.4,60134.9,58496.3
03/31/2021,58995.8,58673.7,59309.8,58738.9
03/30/2021,58534.6,57320,59030.2,58429.8
03/29/2021,57141,55344.1,57752.7,57128.3
03/28/2021,55393.9,55791.9,55899.4,55002.9
03/27/2021,56133.6,54786.9,56174.8,55645.5
03/26/2021,54751.7,51667.2,55532.1,54551.8
03/25/2021,52428.5,52189.3,52669.2,51306.1
03/24/2021,52136.7,54447.1,52763,51561.3
03/23/2021,54444.7,54517.9,54716.8,53579.1
03/22/2021,54577,57558.1,55287.5,53842.1
03/21/2021,57316.4,57809.8,57443.4,56357.5
03/20/2021,57754.5,58419.7,58583.8,57471.4
03/19/2021,58296.2,57773,58877.5,57863
03/18/2021,57859.3,58724.5,57876.5,56305.1
03/17/2021,58727.6,55489.5,59489.4,58621.9
03/16/2021,55835.2,54277.3,57121,55683.4
03/15/2021,54269.4,60347.5,56024.1,53342.6
03/14/2021,60375.5,61350.2,60459.9,58859
03/13/2021,61218.9,56865.6,61673.7,60755.8
03/12/2021,56485.1,56702.6,57271.8,56118.8
03/11/2021,56710.6,55812.7,58052.3,56545.9
03/10/2021,55667.1,53694.3,56461,55168.1
03/09/2021,53565.5,53714.1,55772.3,53187.5
03/08/2021,53878.4,50450.8,54077.9,51941.3
03/07/2021,50411.2,49485.6,51801.1,50141.4
03/06/2021,49501.2,48467.1,49881.4,48890.6
03/05/2021,48447.7,46677.4,49132.7,48166.4
03/04/2021,47132,49029.8,48363.6,46370.1
03/03/2021,49278.1,49126.2,51757.7,49111.5
03/02/2021,49207.5,49161.1,49309.1,48159.2
03/01/2021,49053,46464.4,50191.9,48662.2
02/28/2021,46566.6,44403.5,46809.5,45008.8
02/27/2021,44741,47686.9,46582,44346.9
02/26/2021,47762.9,47011.8,48018.5,46205.2
02/25/2021,47020,49651.9,47749.1,46051.2
02/24/2021,49822.7,50783,50857.8,49597.9
02/23/2021,50884.3,50636.7,51299.1,47031.7
02/22/2021,50379,55807.3,54115,50161.2
02/21/2021,55531.8,56715.9,57480.5,55128.5
02/20/2021,56537.3,55829.6,56895.2,55502.7
02/19/2021,55941.9,51162.8,56552.6,55415.1
02/18/2021,51137.3,52170.7,51925.3,50816.8
02/17/2021,52070.7,49360.2,52524,51731.3
02/16/2021,49273.4,49349.4,50209.6,49018.1
02/15/2021,49224.3,46875.7,49951,47044.4
02/14/2021,46784.5,47558.1,48936.5,45786.1
02/13/2021,47564.1,47840,47698.3,47051.9
02/12/2021,47856.3,47309.6,48097.3,47271
02/11/2021,47123.7,44648.8,48927.4,46950.9
02/10/2021,44618.5,46022.3,44993.5,44041
02/09/2021,46010.7,46841.3,46865.5,45652.1
02/08/2021,46400.5,38596.3,47405.3,45603.3
02/07/2021,38611.7,38328.5,39123.6,38057
02/06/2021,37990.1,39208.2,39611.9,37987.2
02/05/2021,39259.4,37284.7,39653.1,38275.3
02/04/2021,37299.4,37696.7,37488.4,36640
02/03/2021,37634.5,36618.4,38298.5,37375.9
02/02/2021,36609.2,33904.7,36843.5,35401.5
02/01/2021,33869.6,33554.3,34150.4,33462.4
01/31/2021,33580.3,34031.8,33937.7,32324.9
01/30/2021,33930.3,33512,34348.3,33687.3
01/29/2021,33424.5,33762.7,34920.9,32908.5
01/28/2021,33093.1,31342,34325.8,32839.8
01/27/2021,31258.1,31887.7,31602,29911.9
01/26/2021,31721.7,32027.9,32545.4,31556.2
01/25/2021,32007.5,33397.7,32820.1,31493.3
01/24/2021,33348.7,32838.3,33739.5,32205.1
01/23/2021,32659.8,32598.5,32702.9,31692.5
01/22/2021,32635.2,30933.8,32994.1,32088.2
01/21/2021,30812.8,34249.9,31380,28871.2
01/20/2021,34462.6,35261.1,35591.1,34256.8
01/19/2021,35386.8,36332.8,36384.4,34857
01/18/2021,36406.6,35132.9,37270.5,36360.3
01/17/2021,34976.6,35857.6,36195.2,34890.7
01/16/2021,35955.7,36582.2,36723.7,35592.7
01/15/2021,36549.4,38459.4,37608.6,36022.9
01/14/2021,38569.2,37485.3,39715,38354.6
01/13/2021,37370.9,33179.3,38133.2,36772.1
01/12/2021,33168.2,35278.4,34297,32451.9
01/11/2021,34771.4,35567.4,35490,33729.6
01/10/2021,35633.7,40378.2,38217.2,33688.8
01/09/2021,40390.8,40236.9,41362.4,40149.7
01/08/2021,40378.7,38721.8,40950.2,39556.7
01/07/2021,38713.3,37492.9,39701.2,36613.4
01/06/2021,37490,35320.3,37714.8,36494.1
01/05/2021,35228.7,30918.3,35739.4,33408.3
01/04/2021,31381.1,33288.9,32846.9,30460.5
01/03/2021,33328.7,33238.9,33587.5,32453.1
01/02/2021,32861.6,29382.6,32884.7,32029.6
01/01/2021,29400.6,29245,29496.7,29008
12/31/2020,29238.8,29024.8,29482.3,28724.3
12/30/2020,28940.6,27903.6,29298.8,28334.2
12/29/2020,27838.5,26443.7,28192.6,27377
12/28/2020,26381.2,26847.4,27089.4,26205.1
12/27/2020,26946.1,26715.1,27331.6,26144.3
12/26/2020,26710.9,24811.2,26937.5,26438.4
12/25/2020,24911.2,23603.6,25011,24515.1
12/24/2020,23577.7,23023.4,23814.1,23445.3
12/23/2020,22977.4,23470,23253.2,22737.3
12/22/2020,23516.6,22948.2,24028.9,23500.7
12/21/2020,22954.2,23912.5,23060.8,22481
12/20/2020,23901.2,23410,24101.9,23321.1
12/19/2020,23300.3,23047.1,23843.6,23098.9
12/18/2020,23083.2,22867.7,23229.1,22923.1
12/17/2020,22947.3,21786.2,23241.3,22493.9
12/16/2020,21837.6,19335,22148.4,21243.1
12/15/2020,19381.2,19484.8,19491.7,19299.7
12/14/2020,19309.3,19265.1,19556.3,19250.3
12/13/2020,19083,18790.9,19326.2,19007
12/12/2020,18867.2,18277.1,18883.6,18716.8
12/11/2020,18384,17962.6,18390.1,18025.1
12/10/2020,17984,18400.6,18288.3,17733.8
12/09/2020,18455.5,18153.8,18551.8,18339.6
12/08/2020,18217.9,19182.5,18371.5,18053
12/07/2020,19178.5,19290,19236,19141.1
12/06/2020,19288.8,19191.3,19424.6,19166.9
12/05/2020,19203.7,18816.8,19340.1,19141
12/04/2020,18884.1,19170.8,18921.3,18507.1
12/03/2020,19288.2,19040.9,19529.5,19140.2
12/02/2020,19065.4,18519.1,19295,18954.6
12/01/2020,18507.3,19380.4,18954.5,18346.7
11/30/2020,19466.8,18535,19717.6,19366.8
11/29/2020,18511.3,17771.7,18616.7,18186
11/28/2020,17791.7,16969.4,17864,17530.4
11/27/2020,16938.7,17070.3,17191.5,16915.9
11/26/2020,17071.3,17757.1,17450.3,17037.8
11/25/2020,17777.1,18690.9,18894.9,17279.7
11/24/2020,18779.6,18448.2,19216.6,18769.4
11/23/2020,18423.7,18461.3,18527.7,18230
11/22/2020,18453.4,18593.9,18516.7,18016
11/21/2020,18582.4,18583.1,18751.5,18367.6
11/20/2020,18614.6,18195,18966,18467.5
11/19/2020,18180,17847.3,18225.4,17758.4
11/18/2020,17843.5,18377.9,18054.8,17594.6
11/17/2020,18376.8,16672.6,18393.2,17613.2
11/16/2020,16648.2,16032.5,16825.9,16562
11/15/2020,16004.3,15937.4,16042.1,15870.7
11/14/2020,15924.2,16149.6,16102.3,15879.5
11/13/2020,16116.8,16405.1,16328.2,16111.2
11/12/2020,16395.1,15666.2,16474.1,16270.7
11/11/2020,15659.1,15372.5,15712.1,15483.5
11/10/2020,15385.2,15385.1,15497.5,15281
11/09/2020,15396.9,15385.7,15431.2,15192.7
11/08/2020,15395.6,14967.7,15598.4,15364.2
11/07/2020,15030.2,15556.5,15106.5,14720.7
11/06/2020,15498.7,15463.3,15754.4,15471.1
11/05/2020,15548.2,14293.3,15955.2,15433
11/04/2020,14292.5,13908.9,14358.6,14099.7
11/03/2020,13897.3,13419.7,14034.5,13704.8
11/02/2020,13419,13698.9,13640.2,13321.2
11/01/2020,13666.5,13677.2,13828.4,13655
10/31/2020,13659,13491.7,13889.5,13659
10/30/2020,13471.3,13434,13731.5,13441.7
10/29/2020,13452.7,13280.8,13655.7,13363.1
10/28/2020,13266.6,13785,13308.6,13180.8
10/27/2020,13799.5,13082.2,13851.7,13637.3
10/26/2020,13090,13100.9,13125.2,13050.3
10/25/2020,13101.3,13298.6,13129.3,12982.5
10/24/2020,13303.9,12972,13343.9,13077.8
10/23/2020,12982.1,12966.3,13013.7,12876.4
10/22/2020,12958.2,12726,13005.1,12842.7
10/21/2020,12770.2,12187.8,12928.1,12718.1
10/20/2020,12195.9,11743.2,12232.6,11894.6
10/19/2020,11756.5,11421.2,11760.8,11685.7
10/18/2020,11430.9,11370.6,11529.8,11427.2
10/17/2020,11372.3,11365.6,11399.5,11349.8
10/16/2020,11355.2,11508.9,11358,11274.4
10/15/2020,11499,11377.5,11542.2,11474.9
10/14/2020,11376.5,11392.8,11426.4,11361.7
10/13/2020,11442.7,11457.4,11485.6,11413.8
10/12/2020,11469.1,11386.4,11540.4,11436.9
10/11/2020,11395.5,11333,11408.8,11348.5
10/10/2020,11327.2,11410.8,11394.5,11277.6
10/09/2020,11419.8,10889.9,11475,11053.5
10/08/2020,10896.3,10642.5,10939.1,10868.4
10/07/2020,10645.4,10577.1,10672.1,10619.9
10/06/2020,10588.9,10766.7,10604.3,10553.3
10/05/2020,10778.5,10667.2,10800.3,10743.2
10/04/2020,10684.2,10547.2,10729.9,10659.4
10/03/2020,10545.4,10556.6,10560.3,10520.8
10/02/2020,10552.7,10646.8,10576.8,10523.4
10/01/2020,10613.6,10798.4,10627.6,10585.9
09/30/2020,10801.9,10747.7,10855.5,10776.6
09/29/2020,10768.5,10688.6,10847.7,10757.2
09/28/2020,10697.8,10908.7,10728.5,10667.8
09/27/2020,10895.8,10779.4,10946.6,10776.4
09/26/2020,10778.7,10710.3,10799.2,10722.4
09/25/2020,10706.4,10710.7,10745.6,10650.2
09/24/2020,10685.4,10299.5,10753.5,10685.4
09/23/2020,10300.2,10515.5,10336.1,10201
09/22/2020,10485.9,10445.5,10535,10485.4
09/21/2020,10450.9,10963.6,10488.6,10374.4
09/20/2020,10957.9,10950.7,10977,10895.7
09/19/2020,10950.5,10977.6,11081.6,10908.5
09/18/2020,10960,10927.1,10977.8,10933.1
09/17/2020,10938.2,10873.6,10956.3,10890.8
09/16/2020,10887.4,10780.9,11039.3,10885.8
09/15/2020,10762.2,10752,10790.1,10669.2
09/14/2020,10739.2,10352.1,10832.3,10652.9
09/13/2020,10353,10551.7,10369.3,10264.5
09/12/2020,10546.3,10344.1,10556.3,10411.2
09/11/2020,10351.7,10218.4,10393.5,10326
09/10/2020,10222.9,10377.4,10377.5,10212.6
09/09/2020,10365.6,10028.2,10408.9,10219.2
09/08/2020,10000.4,10305.4,10149,9984.6
09/07/2020,10305.7,10205.3,10434.4,10305.5
09/06/2020,10195.3,10169.2,10296.4,10193.9
09/05/2020,10169.7,10411.5,10239.9,10067.4
09/04/2020,10432.4,10249,10558.7,10392.3
09/03/2020,10249.6,11375.5,10329.9,10098.1
09/02/2020,11375.1,11830.2,11437.4,11359
09/01/2020,11844.4,11682.8,11947.5,11821.6
08/31/2020,11674.8,11669.1,11692,11544.6
08/30/2020,11668.4,11603,11712.2,11659.3
08/29/2020,11600.8,11502,11623.6,11462.6
08/28/2020,11496.2,11379.3,11539.8,11468.2
08/27/2020,11368,11390.2,11396.1,11281.9
08/26/2020,11401.6,11365.2,11479.7,11367.4
08/25/2020,11350.2,11673.4,11401,11256.8
08/24/2020,11690.4,11675.2,11766.9,11661.1
08/23/2020,11666.8,11596.5,11681.1,11587.1
08/22/2020,11591.8,11476.6,11680.5,11583.3
08/21/2020,11468.1,11867.5,11536.9,11382.1
08/20/2020,11847.5,11697,11877.4,11783.6
08/19/2020,11718,11834.5,11822.2,11703.4
08/18/2020,11855.9,12298.3,12013.2,11844.8
08/17/2020,12283,11838,12381.4,12273.5
08/16/2020,11857.3,11917.5,11919.7,11764
08/15/2020,11904.6,11876,11909.7,11782.7
08/14/2020,11865.4,11720.7,11962.9,11750.7
08/13/2020,11735.7,11573.4,11820.3,11668.5
08/12/2020,11575.9,11370.5,11652.1,11536.3
08/11/2020,11354.3,11831.1,11408.8,11233.3
08/10/2020,11823.1,11998.9,11931.8,11819
08/09/2020,12008.2,11735.5,12041.1,11681.1
08/08/2020,11743.6,11550.1,11792.8,11669.7
08/07/2020,11549.1,11827.6,11650.4,11537.6
08/06/2020,11850.5,11651.1,11901.8,11740
08/05/2020,11653.3,11233.6,11790.2,11606.3
08/04/2020,11221.5,11259.8,11228.3,11114.5
08/03/2020,11254.1,11132.5,11407.8,11222.2
08/02/2020,11157.1,11968.2,11202.7,10981.6
08/01/2020,11941.5,11360.7,11943.4,11754.8
07/31/2020,11387.8,10972.3,11394.3,11226.1
07/30/2020,10980.8,10987.6,11124.4,10964.6
07/29/2020,10999,10970.9,11114.4,10959.9
07/28/2020,10956.7,10964.8,10989.8,10771.8
07/27/2020,10935.6,10196,11229.1,10854.2
07/26/2020,10192,9666.2,10211.2,9894.6
07/25/2020,9666.3,9582.9,9690.7,9645.9
07/24/2020,9589,9559.9,9612.7,9536.2
07/23/2020,9560,9489.5,9599.8,9545
07/22/2020,9488.8,9360.7,9522.9,9470.7
07/21/2020,9361.9,9179.7,9389,9353.7
07/20/2020,9178.4,9190.7,9194.6,9155.1
07/19/2020,9188.5,9156.1,9218.4,9177
07/18/2020,9157,9138.1,9179.7,9144.6
07/17/2020,9139.4,9119.5,9167,9128.1
07/16/2020,9110.1,9202.3,9141.4,9107.6
07/15/2020,9200.1,9234.7,9224.2,9183
07/14/2020,9242.1,9219.9,9270.2,9240.2
07/13/2020,9224.1,9272.7,9245.6,9219
07/12/2020,9274.2,9271.1,9319.9,9270.1
07/11/2020,9276.5,9268,9286,9232
07/10/2020,9263.8,9224.9,9295.5,9261.6
07/09/2020,9215.5,9385.3,9239.6,9206.5
07/08/2020,9382.5,9309.3,9434.5,9361.3
07/07/2020,9300.5,9293,9319.9,9233.1
07/06/2020,9299.5,9090.1,9371.2,9266.3
07/05/2020,9088.7,9133.8,9114.1,9063.2
07/04/2020,9134.9,9084.2,9149.6,9114
07/03/2020,9086.1,9097.4,9100,9053
07/02/2020,9202,9150.6,9259.7,9179.5
07/01/2020,9233.4,9134.9,9259.7,9225.2
06/30/2020,9124.2,9166.4,9148,9101.1
06/29/2020,9171.7,9101.3,9199.8,9158.7
06/28/2020,9104.5,8971,9148.6,9097.1
06/27/2020,8970.6,9161.7,9008.2,8950.2
06/26/2020,9163.1,9245.1,9179.8,9113.9
06/25/2020,9249.4,9098.7,9296.5,9194.3
06/24/2020,9074.7,9649.9,9306,9022.6
06/23/2020,9645.9,9655.5,9663.7,9614.8
06/22/2020,9651.7,9383.5,9715.6,9609.3
06/21/2020,9378.5,9371.1,9395.2,9285.8
06/20/2020,9362,9332,9397.7,9349.1
06/19/2020,9331.8,9280.8,9350.1,9294.2
06/18/2020,9267.9,9428.9,9390.3,9249.6
06/17/2020,9436.3,9461.9,9468.8,9403.4
06/16/2020,9461.8,9558,9532.3,9423.8
06/15/2020,9549.2,9166.7,9570.7,9379.3
06/14/2020,9438.5,9419.3,9474.7,9387.5
06/13/2020,9431.5,9411.4,9474.7,9428.7
06/12/2020,9421.4,9365.1,9475.8,9415.5
06/11/2020,9381.5,9887.3,9391.3,9249.4
06/10/2020,9878.7,9753.7,9945.2,9871
06/09/2020,9754.2,9679.4,9805.8,9745
06/08/2020,9682.9,9724.4,9857.2,9616.6
06/07/2020,9718.6,9689,9770.5,9708.5
06/06/2020,9697.6,9631.3,9701.9,9637.3
06/05/2020,9616.2,9794.5,9629.3,9549.5
06/04/2020,9555,9527.4,9686.1,9537.6
06/03/2020,9681.7,9494.1,9686.1,9617.6
06/02/2020,9496,10093.9,9538.1,9483.4
06/01/2020,10080.8,9552.8,10207.3,10050.4
05/31/2020,9554.4,9533.1,9695.6,9529.8
05/30/2020,9587.2,9394.5,9695.6,9567.5
05/29/2020,9380.9,9519.9,9428.5,9352.7
05/28/2020,9525.3,9173.1,9596.5,9468.1
05/27/2020,9170.4,8831.8,9268.8,9168.8
05/26/2020,8850.5,8901.8,8891,8818.6
05/25/2020,8918.6,8786.4,8922.9,8836.6
05/24/2020,8773.7,9195.4,8817.9,8666.1
05/23/2020,9201,9284.2,9229.5,9129.7
05/22/2020,9275.5,8995.1,9303.2,9169.7
05/21/2020,8998.3,9479.3,9129.2,8983.7
05/20/2020,9477.8,9721.8,9567.1,9463.1
05/19/2020,9722.1,9537.9,9788.8,9708.4
05/18/2020,9524.6,9856.6,9737.8,9524.6
05/17/2020,9856.5,9543.2,9930.2,9678.9
05/16/2020,9559.1,9411.1,9570.4,9327.8
05/15/2020,9419.9,9483.6,9451.9,9233
05/14/2020,9497.4,9338.5,9819.6,9319.3
05/13/2020,9329.9,8908.7,9364.5,9265.8
05/12/2020,8913.3,8717,8964.7,8799.1
05/11/2020,8727.8,8697.6,8729.7,8542.8
05/10/2020,8659.3,9753,9569.4,8259.3
05/09/2020,8635.1,9868.2,9569.4,8259.3
05/08/2020,9873.7,9914.8,9910.5,9747.2
05/07/2020,9925.1,9271.8,10018.2,9845.8
05/06/2020,9263.6,8962.9,9338.2,9064.8
05/05/2020,8995.9,8855.8,9038.2,8923.6
05/04/2020,8870.5,8728.4,8920.7,8831.4
05/03/2020,8747.9,9131.1,8926.2,8665.7
05/02/2020,9137.7,8840.9,9169.9,8935
05/01/2020,8845.2,8672.4,8858.9,8775.4
04/30/2020,8673.9,9279.1,8758.1,8621
04/29/2020,9185.7,7809.1,9187.7,8717.3
04/28/2020,7801,7708.9,7822.6,7729.7
04/27/2020,7706.2,7725.3,7770.1,7674
04/26/2020,7723.7,7569.6,7768.4,7676.1
04/25/2020,7569.2,7512.2,7586.4,7527
04/24/2020,7510.2,7520.8,7516.9,7451
04/23/2020,7520.8,7113.7,7541.5,7474.3
04/22/2020,7129.2,6856.8,7169.6,7092.2
04/21/2020,6852,6858.2,6879.7,6821.8
04/20/2020,6854.9,7162.5,6907.7,6818.9
04/19/2020,7162.6,7209.5,7187.7,7086.1
04/18/2020,7209.4,7087.7,7238,7182.4
04/17/2020,7083.3,7084.6,7105.9,7031.5
04/16/2020,7076.6,6651.2,7118.5,7039.7
04/15/2020,6659.5,6907,6663.2,6520.5
04/14/2020,6902.3,6881.6,6903.2,6800.6
04/13/2020,6884.9,6678.7,6899.5,6807
04/12/2020,6684.4,6810.9,6920.1,6632.7
04/11/2020,6808.9,6900,6889.8,6805.7
04/10/2020,6901,7176.7,6915.5,6840.6
04/09/2020,7169.3,7288.6,7294.4,7166.6
04/08/2020,7281.3,7349.8,7360.7,7268.4
04/07/2020,7356.8,7323,7370.1,7153.1
04/06/2020,7304.8,6842,7440.3,7263.5
04/05/2020,6836.3,6798.4,6875.8,6770.1
04/04/2020,6804.7,6704.5,6889.4,6794.5
04/03/2020,6706.4,6785.7,6785.3,6682.6
04/02/2020,6799.3,6607.5,6830.2,6727.8
04/01/2020,6594.4,6370.5,6727,6567.9
03/31/2020,6346.7,6443.5,6425.5,6273.6
03/30/2020,6454.3,6007.6,6513.1,6385.6
03/29/2020,5998.8,6211,6022.8,5872.5
03/28/2020,6214.5,6257.4,6258.8,6185.3
03/27/2020,6122.4,6778.2,6374.3,6085.1
03/26/2020,6782,6687.3,6813.7,6727.8
03/25/2020,6726.3,6599.7,6772.9,6659.4
03/24/2020,6571.6,6588.4,6744.8,6542.3
03/23/2020,6547.6,5898.5,6643.2,6462.4
03/22/2020,5977.5,6273.3,5986.6,5710.8
03/21/2020,6349.6,6270.8,6359.5,6119
03/20/2020,6246.2,6083.7,6355.5,6080.8
03/19/2020,6095.4,5289.5,6261.9,6019.6
03/18/2020,5275,5343.4,5404.1,5256
03/17/2020,5342.1,5231.1,5362.5,5220.4
03/16/2020,5218.8,5276.5,5368.9,4946.5
03/15/2020,5267.4,5184.3,5369.3,5213.4
03/14/2020,5184.5,5572.2,5277.5,5120.6
03/13/2020,5584.1,5175.7,5634.9,5343.2
03/12/2020,5105.3,7666.1,5499,3869.5
03/11/2020,7653.3,7931.1,7963.1,7605.8
03/10/2020,7926.2,7906.4,7964.9,7872.8
03/09/2020,7911.4,8066.2,7966.1,7859.2
03/08/2020,8052.9,8749.2,8158.8,8007.4
03/07/2020,8738.9,9074.4,8888,8712.7
03/06/2020,9077.1,9048.7,9141.5,9064.5
03/05/2020,9050.1,8888.7,9079.4,9004.9
03/04/2020,8745.4,8799.2,8840.3,8702.7
03/03/2020,8813.5,8840.6,8830,8731.5
03/02/2020,8840.3,8640.2,8911.7,8798
03/01/2020,8634.3,8582.9,8648,8503.1
02/29/2020,8592.1,8745.8,8665.6,8532.6
02/28/2020,8747.9,8834.5,8766.9,8668.5
02/27/2020,8853.6,8711.6,8898.7,8789.8
02/26/2020,8705.3,9182.7,8804.3,8538.5
02/25/2020,9177.8,9587.9,9368.1,9125.6
02/24/2020,9592.1,9768.7,9672.3,9566.7
02/23/2020,9754.5,9844,9981,9663.3
02/22/2020,9839.7,9630.3,9896.9,9653.4
02/21/2020,9626.9,9692.5,9706.5,9625
02/20/2020,9688,9596.6,9729.7,9574.5
02/19/2020,9578.4,10111.7,9653.6,9525.4
02/18/2020,10113.9,9800.9,10177.9,10091.5
02/17/2020,9640.9,9918.3,9951.5,9589.9
02/16/2020,9748.9,10022.9,9951.5,9716.8
02/15/2020,10009.8,10261.4,10056.4,9861.8
02/14/2020,10275.1,10224,10369.8,10223.6
02/13/2020,10232.4,10396.4,10289.8,10183.1
02/12/2020,10391.1,10273.7,10425.9,10305.1
02/11/2020,10292.6,9748.8,10312.1,10230.1
02/10/2020,9733.4,10058.1,9860.4,9725.1
02/09/2020,10064,10090.6,10181.7,10039.8
02/08/2020,10092.9,9758.8,10115.4,9882.7
02/07/2020,9763.2,9794.9,9826,9673.2
02/06/2020,9807,9642.8,9849.3,9749.1
02/05/2020,9629.3,9237.3,9649.4,9536.1
02/04/2020,9236.7,9270.5,9237.3,9179.9
02/03/2020,9274.2,9390.4,9347.5,9262.8
02/02/2020,9393.5,9317.4,9582.8,9301.6
02/01/2020,9317.5,9401.5,9383.4,9183.1
01/31/2020,9411.6,9414.6,9458.8,9342.9
01/30/2020,9412.1,9326.6,9525,9405.6
01/29/2020,9330,9331.2,9355.1,9209.2
01/28/2020,9332.6,9053.7,9403.9,9283.5
01/27/2020,9078.2,8639.7,9126.4,8866.6
01/26/2020,8633.1,8368,8692.5,8608.1
01/25/2020,8363,8315.9,8377.2,8304.9
01/24/2020,8309.3,8308.5,8447.6,8277.2
01/23/2020,8305.9,8588.9,8415.5,8286.5
01/22/2020,8584.7,8738.1,8687.3,8576.8
01/21/2020,8730.7,8671.7,8751.7,8699.4
01/20/2020,8680.7,8650.4,8692.1,8621.2
01/19/2020,8662.4,9140.3,8733.3,8645.2
01/18/2020,9138.5,8845.9,9183.7,8893
01/17/2020,8860.9,8808.3,8982.3,8832.3
01/16/2020,8800.9,8652.1,8829.1,8675.9
01/15/2020,8659.6,8625.9,8850,8605.8
01/14/2020,8662.6,8525.2,8891.7,8632.3
01/13/2020,8547.2,8126.7,8562.1,8112.1
01/12/2020,8130.8,8074.1,8196.7,8099.4
01/11/2020,8075.1,8120.3,8110.4,7973.1
01/10/2020,8126,7817.1,8242.3,8107.9
01/09/2020,7813.9,7969.5,7871.4,7792.9
01/08/2020,7964.8,8353.5,8065.9,7932.8
01/07/2020,8332,7844.3,8436.4,8150.2
01/06/2020,7834.6,7539.3,7979.3,7758.9
01/05/2020,7547.3,7466.9,7583,7366.7
01/04/2020,7473.4,7340.8,7501,7376.7
01/03/2020,7340.5,7200.6,7354.5,7291.4
01/02/2020,7192,7145.5,7220.8,6884.1
01/01/2020,7144.6,7219,7209.6,7121.1
12/31/2019,7222,7253.4,7239.7,7180
12/30/2019,7257.9,7396.2,7284,7228.1
12/29/2019,7389,7349.6,7398,7329.9
12/28/2019,7350.2,7310.2,7356.8,7303
12/27/2019,7262.8,7354.5,7293.8,7128.5
12/26/2019,7210.2,7199.8,7247,7197.2
12/25/2019,7199.3,7256.6,7238,7197.4
12/24/2019,7259.6,7335,7542.4,7231.7
12/23/2019,7335.6,7561.2,7348.4,7290.7
12/22/2019,7569.3,7154.4,7624,7496.2
12/21/2019,7157,7160.8,7168.9,7143.1
12/20/2019,7161.9,7152.5,7197.6,7158.5
12/19/2019,7150.4,7158.5,7178.7,7107.7
12/18/2019,7156.5,6676.1,7354,7153.8
12/17/2019,6672.5,6903.8,6711.2,6597.6
12/16/2019,6903.3,7072.2,6922.9,6879.2
12/15/2019,7071.5,7071.8,7139.8,7057.8
12/14/2019,7075.2,7257.3,7089.9,7033.8
12/13/2019,7259.3,7235.1,7265.8,7235.7
12/12/2019,7242.9,7169.1,7251.9,7208.2
12/11/2019,7167.7,7230.6,7272.4,7124.6
12/10/2019,7236.4,7387.4,7277,7210.6
12/09/2019,7394.6,7506.8,7400.3,7333.9
12/08/2019,7512.3,7451.2,7553.5,7474.8
12/07/2019,7445.8,7563.5,7517,7416.7
12/06/2019,7567.2,7407,7595.7,7508.4
12/05/2019,7397.5,7213,7435.4,7347.4
12/04/2019,7221.4,7157.5,7340.7,7184
12/03/2019,7162.3,7303.4,7292.2,7129.9
12/02/2019,7299.3,7384.8,7389.4,7287.2
12/01/2019,7361,7340.8,7433.8,7333.9
11/30/2019,7341.6,7750.8,7546.5,7261
11/29/2019,7745.6,7471,7784,7729.9
11/28/2019,7480,7484.7,7507.9,7412.3
11/27/2019,7490.6,7099.4,7567.1,7479.1
11/26/2019,7111.6,7184.1,7183.8,7081.1
11/25/2019,7158,6743.3,7187.8,7083.1
11/24/2019,6763,7262,6955.3,6673.5
11/23/2019,7244.8,7250.7,7344.1,7242.8
11/22/2019,7238.9,7648.8,7281.1,7156.7
11/21/2019,7635.2,8118.6,7688.4,7619.2
11/20/2019,8114.1,8157.1,8126,8086.6
11/19/2019,8135.5,8247.4,8245.6,8032.8
11/18/2019,8206.8,8464.5,8245.6,8197.3
11/17/2019,8457.7,8493.6,8512.9,8437.6
11/16/2019,8499.5,8488.9,8521.1,8491.1
11/15/2019,8470.2,8569.3,8492.1,8450.7
11/14/2019,8574.6,8754.2,8668,8538.7
11/13/2019,8758.9,8754.4,8799.8,8748.4
11/12/2019,8761.7,8742,8829.7,8757.4
11/11/2019,8763.2,9054,8769.9,8720.8
11/10/2019,9037.4,8777.6,9066.4,9028.6
11/09/2019,8770.7,8824.4,8804.7,8768.5
11/08/2019,8834.5,9238.7,8840.3,8748.5
11/07/2019,9248.5,9304.1,9250.1,9194.4
11/06/2019,9293.7,9310.7,9367,9285
11/05/2019,9319.6,9431.5,9336.6,9279.2
11/04/2019,9421.2,9164.2,9452.7,9349.5
11/03/2019,9174,9357.7,9208.5,9148
11/02/2019,9316.3,9243.6,9332.3,9300.1
11/01/2019,9244.8,9099.3,9270.1,9217.9
10/31/2019,9124,9143.9,9154.1,9113
10/30/2019,9116.4,9382.8,9202.5,9066.1
10/29/2019,9359.7,9285.9,9411.3,9288.8
10/28/2019,9284.8,9690.5,9304.3,9203.6
10/27/2019,9710,9161.7,9866.9,9530.1
10/26/2019,9129.9,10093,9359.6,9114.5
10/25/2019,8575.9,7444.2,8888.9,8565
10/24/2019,7443.9,7450.5,7448.8,7423
10/23/2019,7447.1,8039.7,7501.5,7432.3
10/22/2019,8031.1,8173.5,8055,8011.2
10/21/2019,8190,8204.6,8207.8,8174.7
10/20/2019,8217.2,7910.5,8232.6,8191.9
10/19/2019,7917.6,7921.9,7959,7898.9
10/18/2019,7906.3,8109.7,7952.6,7903.3
10/17/2019,8109.1,7968.6,8109.1,8056.4
10/16/2019,7976.1,8178.8,8002,7967.3
10/15/2019,8170,8332.3,8185.9,8153.7
10/14/2019,8331.9,8291.1,8400.2,8319.6
10/13/2019,8298.4,8341.8,8307.7,8251.8
10/12/2019,8350.4,8314.3,8365,8289.1
10/11/2019,8304.3,8515.6,8330.6,8260.9
10/10/2019,8512.2,8534.3,8573.6,8488.1
10/09/2019,8528.9,8169.2,8591.5,8524.5
10/08/2019,8166.4,8280.6,8205.6,8159.6
10/07/2019,8282.3,7834.5,8287.6,8198.5
10/06/2019,7965.4,8140.4,8145.5,7944.2
10/05/2019,8064.4,8141.7,8145.5,8031.4
10/04/2019,8121.6,8129.6,8160.3,8116.6
10/03/2019,8131.8,8347.2,8233.6,8079.3
10/02/2019,8341.7,8289.4,8391.7,8315.4
10/01/2019,8293.4,8269.6,8330,8277.5
09/30/2019,8275.9,8022.2,8293.1,8187.9
09/29/2019,7995,8178.3,8060,7978.6
09/28/2019,8165.8,8170.8,8226.8,8164.7
09/27/2019,8151.5,7996,8213.9,8129
09/26/2019,7970.9,8385.5,8091.3,7957.2
09/25/2019,8364.4,8695.5,8443.3,8355.6
09/24/2019,8682.6,9734.5,8729.8,8510.2
09/23/2019,9720.3,9974.5,9787.6,9630.4
09/22/2019,9992.3,9916,10048.8,9968.3
09/21/2019,9908.8,10155.9,10008,9885.3
09/20/2019,10163.7,10204,10177.9,10147.6
09/19/2019,10235.3,10181.1,10279.5,10217.6
09/18/2019,10139.6,10248.4,10187.4,10118
09/17/2019,10226.5,10217,10230.7,10191.6
09/16/2019,10233.8,10346,10261.2,10198.4
09/15/2019,10348.6,10325.4,10360.5,10309
09/14/2019,10319,10305.9,10360.4,10312.2
09/13/2019,10303.3,10337.4,10355,10299.1
09/12/2019,10372.2,10132.4,10441.4,10336.7
09/11/2019,10109.6,10076.4,10200.7,10107
09/10/2019,10080.7,10334.3,10257.5,10075.1
09/09/2019,10408.1,10392.9,10478,10095.7
09/08/2019,10361.1,10485.9,10411.9,10360.5
09/07/2019,10487.1,10335.5,10515.1,10461.6
09/06/2019,10363.7,10643.7,10379.4,10302.3
09/05/2019,10586,10533.7,10596.9,10557.8
09/04/2019,10512.6,10532.2,10571.1,10497.4
08/16/2019,10416.8,10042,10530.9,9788.6
08/15/2019,10376,10040.1,10413.8,10253.9
08/14/2019,10013.8,10612.1,10195.2,10013.8
08/13/2019,10640.9,11406.1,10894.5,10554.4
08/11/2019,11354.6,11583,11728.4,11146.1
08/10/2019,11391,12117.7,11445,11300.6
08/06/2019,11786.2,11628.9,12291.9,11588.7
08/05/2019,11601.4,11410.6,11830.2,11588.7
08/04/2019,11389.1,10850.7,11443.7,10935.5
08/03/2019,10845.5,10641,10889,10810.1
08/02/2019,10775.8,10381.7,10785.3,10504.5
08/01/2019,10385.5,10024.7,10439.9,10331.9
07/31/2019,10010.7,9692.7,10145,9993.1
07/30/2019,9678.3,9504.1,9703.9,9562.4
07/29/2019,9544.6,9802.1,9607.5,9544.6
07/28/2019,9774.8,9513.1,9835.4,9697
07/27/2019,9485.7,10142.1,9499.3,9401.1
07/26/2019,10156.1,9777.3,10232.3,9818.2
07/25/2019,9756.4,10103.2,9947.4,9732.8
07/24/2019,10127,9704.9,10203.3,9776.6
07/23/2019,9647.7,10306.2,9888.9,9628.2
07/22/2019,10326.5,10722.2,10414.6,10294.8
07/21/2019,10727.8,10866,10806.3,10693.7
07/20/2019,10754.4,10588.4,10883.8,10746.9
07/19/2019,10544.6,10578.8,10650.4,10462
07/18/2019,10594.8,9824.1,10721.9,10590.3
07/17/2019,9777.4,9460.3,9858.7,9617.8
07/16/2019,9283.5,10918.3,9613.6,9252.9
07/15/2019,10792.9,10100.4,11019.5,10772.3
07/14/2019,10036.4,11389.5,10201.9,9885.4
07/13/2019,11374.2,11670.7,11448.7,11274.6
07/12/2019,11686.5,11381.9,11798.4,11624.6
07/11/2019,11368.1,11966.2,11519.8,11224.6
07/10/2019,11924.8,13016.1,12111.3,11810.9
07/09/2019,13025,12497.9,13026.8,12523.2
07/08/2019,12622.1,11408,12660,12187.4
07/07/2019,11384.4,11231.9,11456.5,11352.6
07/06/2019,11167.4,11323.7,11266.8,11155.7
07/05/2019,11332.7,11133.3,11378.1,10967.9
07/04/2019,11226,11805.3,11277,11045.7
07/03/2019,11829.6,11339.5,11948,11721.4
07/02/2019,11268.4,10274.7,11422.4,10836.4
07/01/2019,10327,11055.3,10685.5,10225.9
06/30/2019,11074.2,12071.6,11146.9,10728.1
06/29/2019,12063.6,11955.6,12140.1,11906
06/28/2019,11701.5,11166.8,12422.9,11673.1
06/27/2019,11317.6,12888.8,11718.4,11199.8
06/26/2019,12785.1,11914.6,13422,12543.1
06/25/2019,11848.4,11143.3,11985.3,11747.3
06/24/2019,11109,10700,11116.8,11033.7
06/23/2019,10744.4,10879,10897.3,10630.9
06/22/2019,10834.9,10469,10947.1,10703.9
06/21/2019,10734.3,9715.4,10734.3,10031.3
06/20/2019,9736.7,9318.5,9785.1,9517.4
06/19/2019,9245,9138,9275.9,9228.7
06/18/2019,9136.9,9234,9169.1,9044
06/17/2019,9311.2,9112.2,9336.1,9236.1
06/16/2019,9111.9,8919.3,9175,8960.1
06/15/2019,8955.3,8584.4,8955.5,8771.1
06/14/2019,8628.5,8180,8668.3,8582.3
06/13/2019,8177.4,8104.7,8240.5,8153.2
06/12/2019,8093.7,7832.7,8145.3,8085.5
06/11/2019,7837.3,7940.9,7894.6,7805.8
06/10/2019,7940.8,7619.2,8010.4,7928.5
06/09/2019,7636.8,7847.8,7658.4,7523.6
06/08/2019,7878.4,8036.7,7937.5,7851.3
06/07/2019,7969.2,7774.4,8044.4,7962.3
06/06/2019,7778.1,7831.5,7813.7,7752.9
06/05/2019,7825,7759.7,7848.7,7751.1
06/04/2019,7759.7,8017.4,7793.8,7685.7
06/03/2019,8000.9,8677,8118.1,7824
06/02/2019,8687.7,8569.3,8734.9,8631.5
06/01/2019,8574.7,8549.8,8592.2,8534.8
05/31/2019,8552.8,8342.9,8584,8499.4
05/30/2019,8342.4,8595.9,8382.8,8269
05/29/2019,8590.6,8656.4,8715.1,8558.5
05/28/2019,8644.5,8772.6,8715.6,8617.6
05/27/2019,8782.5,8745.3,8794.1,8724.6
05/26/2019,8666.6,7986.2,8838.9,8627.9
05/25/2019,8015.8,8009.9,8046.5,7997.6
05/24/2019,8000.2,7839.1,8033.1,7941
05/23/2019,7823.4,7659.8,7906.8,7816.6
05/22/2019,7598.8,7936.5,7679.3,7558.3
05/21/2019,7941.1,7906.1,7998.4,7906.7
05/20/2019,7893,7898.9,8016.8,7836.3
05/19/2019,7912.2,7689.2,8156.4,7818.2
05/18/2019,7704.4,7298.5,7772.2,7252.3
05/17/2019,7308.4,7798.8,7434.6,7242.2
05/16/2019,7772.7,8287.2,7924,7765
05/15/2019,8246.1,8007.8,8288.2,8142
05/14/2019,8011.3,7880.2,8123.4,7963.3
05/13/2019,7889.9,7047.8,8041,7784.8
05/12/2019,7056.8,7155.5,7087.4,6893.1
05/11/2019,6910.2,6421.5,6974.3,6386.5
05/10/2019,6499.5,6267.7,6518.5,6386.5
05/09/2019,6225.4,6088.9,6225.8,6157.8
05/08/2019,6081.3,5876.7,6105,5990
05/07/2019,5880.1,5949.2,5891.3,5799.1
05/06/2019,5944.2,5692.5,5944.2,5745.5
05/05/2019,5688.1,5640.4,5774.5,5688.1
05/04/2019,5819.9,5230.5,5821,5319.5
05/03/2019,5837,5230.5,5837,5319.5
03/18/2019,3974.4,3983.8,4032.3,3958.5
03/17/2019,3979.6,4012.5,4009.8,3956.3
03/16/2019,4001.9,3922.4,4050.6,3923.7
03/15/2019,3926.7,3882.7,3935.7,3874.8
03/14/2019,3879.8,3864.6,3914.7,3828.4
03/13/2019,3864.9,3887.6,3894.7,3847.4
03/12/2019,3886,3870.3,3900.1,3817.1
03/11/2019,3865.1,3915.6,3935.5,3842.4
03/10/2019,3915.2,3944.3,3944.5,3889.2
03/09/2019,3944.4,3865.9,3964,3859.7
03/08/2019,3865.9,3875.1,3929,3810.7
